{
  "macro_f1": 0.8801542156989592,
  "accuracy": 0.8785714285714286,
  "classification_report": {
    "no": {
      "precision": 0.9684684684684685,
      "recall": 0.9598214285714286,
      "f1-score": 0.9641255605381166,
      "support": 224
    },
    "intrinsic": {
      "precision": 0.8530612244897959,
      "recall": 0.8530612244897959,
      "f1-score": 0.8530612244897959,
      "support": 245
    },
    "extrinsic": {
      "precision": 0.8197424892703863,
      "recall": 0.8268398268398268,
      "f1-score": 0.8232758620689655,
      "support": 231
    },
    "accuracy": 0.8785714285714286,
    "macro avg": {
      "precision": 0.8804240607428836,
      "recall": 0.8799074933003505,
      "f1-score": 0.8801542156989592,
      "support": 700
    },
    "weighted avg": {
      "precision": 0.878996359940566,
      "recall": 0.8785714285714286,
      "f1-score": 0.8787726424263845,
      "support": 700
    }
  }
}