{
  "auc_intr_train": 0.6673463006876703,
  "auc_extr_train": 0.6245358662491971,
  "rl_med_train": 0.24203821613850462,
  "auc_intr_val": 0.6916348957165284,
  "auc_extr_val": 0.6197675813880505,
  "rl_med_val": 0.2424476793184363,
  "meta_f1_train": 0.7791628284867859,
  "meta_f1_val": 0.7847472872058533,
  "gate_pass": false
}